<BackupInst xmlns="http://www.microsoft.com/GroupPolicy/GPOOperations/Manifest"><GPOGuid><![CDATA[{AAD91BB1-29CB-4D9E-9A3B-A4C0179099DD}]]></GPOGuid><GPODomain><![CDATA[rbdomain.local]]></GPODomain><GPODomainGuid><![CDATA[{2fef2d4e-914d-4c84-8610-55fa05dec6fb}]]></GPODomainGuid><GPODomainController><![CDATA[WIN-VCRIBENE74Q.rbdomain.local]]></GPODomainController><BackupTime><![CDATA[2019-07-01T19:18:53]]></BackupTime><ID><![CDATA[{48A0F1BA-62CA-4C81-AAA7-2AE77980C956}]]></ID><Comment><![CDATA[]]></Comment><GPODisplayName><![CDATA[ConfigureRDSSessionHosts]]></GPODisplayName></BackupInst>
